"L","flavor","f_D.lgamma","f_D.f","f_D.rpln","f_D.gev","f_D.lgamma.f.mix","f_D.gev.f.mix","f_D.lgamma.periodic.laplace"
"L_FGT",1,0.113778867141488,0.109544660269791,0.107349662930036,0.116850017535279,0.108051543901359,0.109426238021017,0.11232447690439
"L_FGT",2,0.0574428913968771,0.0462095226642241,0.0449336724947927,0.0502770837969232,0.0402023848953585,0.0447834021255949,0.0572302135048248
"L_Welfare",0.5,-1.85420238355917,-1.86812150524091,-1.8703089974283,-1.86084393897906,-1.87213860338171,-1.86972038729008,-1.85514817501787
"L_Welfare",1,0.195514128927289,0.163490136204828,0.160410771941704,0.17659179996602,0.162180157596204,0.156694078339655,0.194876859144769
"L_MLE",0,76467589.345657,76729722.0110642,76589284.1835327,77556086.8533189,NA,NA,NA
