"L","flavor","f_D.gamma","f_D.lnorm","f_D.f"
"L_FGT",1,0.113778893365453,0.117158303471642,0.110733297205176
"L_FGT",2,0.0574428929874666,0.0480854439291773,0.0461219760802895
"L_Welfare",1,0.195514126489678,0.174381904329582,0.16660468015691
"L_Welfare",5,38.3356738421929,9.80396820721904,2.43406074316384
"L_MLE",0,18968945.0299809,19097272.1691623,18974332.125762
