"L","flavor","f_D.lgamma","f_D.f","f_D.rpln","f_D.lgamma.f.mix","f_D.lgamma.cosine"
"L_FGT",1,0.113778867141488,0.109544660269791,0.107349662930036,0.108051543901359,0.113485468008807
"L_FGT",2,0.0574428913968771,0.0462095226642241,0.0449336724947927,0.0402023848953585,0.0574429135413852
"L_Welfare",0.5,-1.85420238355917,-1.86812150524091,-1.8703089974283,-1.87213860338171,-1.85429561225997
"L_Welfare",1,0.19551412892729,0.163490136204828,0.160410771941704,0.162180157596204,0.195514142280518
"L_MLE",0,76467589.345657,76729722.0110642,76589284.1835327,NA,NA
